"Issue Name","Issue Type","Issue Priority","URLs","% of Total","Description","How To Fix","Help URL"
"Security: Missing Content-Security-Policy Header","Warning","Low","46","19.250","URLs that are missing the Content-Security-Policy response header. This header allows a website to control which resources are loaded for a page. This policy can help guard against cross-site scripting (XSS) attacks that exploit the browser's trust of the content received from the server. The SEO Spider only checks for existence of the header, and does not interrogate the policies found within the header to determine whether they are well set-up for the website. This should be performed manually.","Set a strict Content-Security-Policy response header across all page to help mitigate cross site scripting (XSS) and data injection attacks.",""
"Security: Missing X-Frame-Options Header","Warning","Low","59","24.690","URLs missing an X-Frame-Options response header with a 'DENY' or 'SAMEORIGIN' value. This instructs the browser not to render a page within a frame, iframe, embed or object. This helps avoid 'clickjacking' attacks, where your content is displayed on another web page that is controlled by an attacker.","To minimise security issues, the X-Frame-Options response header should be supplied with a 'DENY' or 'SAMEORIGIN' value.",""
"Meta Description: Duplicate","Opportunity","Low","2","1.370","Pages which have duplicate meta descriptions. It's really important to have distinct and unique meta descriptions that communicate the benefits and purpose of each page. If they are duplicate or irrelevant, then they will be ignored by search engines in their snippets.","Update duplicate meta descriptions as necessary, so important pages contain a unique and descriptive title for users and search engines. If these are duplicate pages, then fix the duplicated pages by linking to a single version, and redirect or use canonicals where appropriate.",""
"Directives: Noindex","Warning","High","5","2.150","URLs containing a 'noindex' directive in either a robots meta tag or X-Robots-Tag in the HTTP header. This instructs the search engines not to index the page. The page will still be crawled (to see the directive), but it will then be dropped from the index.","URLs with a 'noindex' should be reviewed carefully to ensure they are correct and shouldn't be indexed. If these pages should be indexed, then the 'noindex' directive should be removed.",""
"Links: Internal Outlinks With No Anchor Text","Opportunity","Low","116","79.450","Pages that have internal links without anchor text or images that are hyperlinked without alt text. Anchor text is the visible text and words used in hyperlinks that provide users and search engines context about the content of the target page. Internal outlinks without anchor text can be seen in the 'Outlinks' tab, with the 'All Link Types' filter set to 'Hyperlinks', where the 'Anchor Text' column is blank, or if an image, the 'Alt Text' column is also blank. Export in bulk via 'Bulk Export > Links > Internal Outlinks With No Anchor Text'.","Review the missing anchor text outlinks and where appropriate include useful and descriptive anchor text to help users and search engines.",""
"Page Titles: Duplicate","Opportunity","Medium","2","1.370","Pages which have duplicate page titles. It's really important to have distinct and unique page titles for every page. If every page has the same page title, then it can make it more challenging for users and the search engines to understand one page from another.","Update duplicate page titles as necessary, so each page contains a unique and descriptive title for users and search engines. If these are duplicate pages, then fix the duplicated pages by linking to a single version, and redirect or use canonicals where appropriate.",""
"H2: Multiple","Warning","Low","141","96.580","Pages which have multiple <h2>s. This is not an issue as HTML standards allow multiple <h2>'s when used in a logical hierarchical heading structure. However, this filter can help you quickly scan to review if they are used appropriately.","Ensure <h2>s are used in a logical hierarchical heading structure, and update where appropriate utilising the full heading rank between (h3 - h6) for additional headings.",""
"Meta Description: Over 155 Characters","Opportunity","Low","121","82.880","Pages which have meta descriptions over the configured limit. Characters over this limit might be truncated in Google's search results.","Write concise meta descriptions to ensure important words are not truncated in the search results, and not visible to users.",""
"Page Titles: Below 30 Characters","Opportunity","Medium","4","2.740","Pages which have page titles under the configured limit. This isn't necessarily an issue, but it does indicate there might be room to target additional keywords or communicate your USPs.","Consider updating the page title to take advantage of the space left to include additional target keywords or USPs.",""
"Hreflang: Missing Return Links","Issue","High","4","2.740","URLs with missing return links (or 'return tags' in Google Search Console) to them, from their alternate pages. Hreflang is reciprocal, so all alternate versions must confirm the relationship. When page X links to page Y using hreflang to specify it as its alternate page, page Y must have a return link. No return links means the hreflang annotations may be ignored or not interpreted correctly. The missing return links URLs can be seen in the lower window 'URL Details' pane with a 'missing' confirmation status. They can be exported in bulk via the 'Reports > Hreflang > Missing Return Links' export.","Ensure alternate pages include hreflang annotations to URLs which are missing return links. This will confirm they are a 'set' of alternate pages.",""
"Images: Over 100 KB","Opportunity","Medium","2","4.880","Large images over a size threshold. Page speed is extremely important for users and SEO and often large resources such as images are one of the most common issues that slow down web pages. This filter simply acts as a general rule of thumb to help identify images that are fairly large in file size and may take longer to load. These should be considered for optimisation, alongside opportunities identified in the PageSpeed tab which uses the PSI API and Lighthouse to audit speed. This can help identify images that haven't been optimised in size, load offscreen, are unoptimised etc.","Uncompressed images bloat pages with unnecessary bytes, so ensure images are optimised with compression, properly scaled, and using the best image format to reduce file size where possible.",""
"H1: Duplicate","Opportunity","Low","5","3.420","Pages which have duplicate <h1>s. It's important to have distinct, unique and useful main headings. If every page has the same <h1>, then it can make it more challenging for users and the search engines to understand one page from another.","Update duplicate <h1>s as necessary, so important pages contain a unique and descriptive <h1> for users and search engines.  If these are duplicate pages, then fix the duplicated pages by linking to a single version, and redirect or use canonicals where appropriate.",""
"Links: Internal Nofollow Outlinks","Warning","Low","116","79.450","Pages that use rel=""nofollow"" on internal outlinks. Links with nofollow link attributes will generally not be followed by search engines. Remember that the linked pages may be found through other means, such as other followed links, or XML Sitemaps etc. Nofollow outlinks can be seen in the 'Outlinks' tab with the 'All Link Types' filter set to 'Hyperlinks', where the 'Follow' column is 'False'. Export in bulk via 'Bulk Export > Links > Internal Nofollow Outlinks'.","Review the use of rel=""nofollow"" on internal links. These might be valid to URLs that ideally wouldn't be crawled, or they could be by mistake. Remove the nofollow link attribute to important URLs you wish to be crawled, indexed and receive PageRank.",""
"Images: Alt Text Over 100 Characters","Opportunity","Low","5","12.200","Images which have one instance of alt text over a threshold of characters in length. This is not strictly an issue, however image alt text should be concise and descriptive. It should not be used to stuff lots of keywords or paragraphs of text onto a page.","Write concise alt text that's helpful for users and search engines - without keyword stuffing.",""
"H2: Over 70 Characters","Opportunity","Low","22","15.070","Pages which have <h2>s over the configured limit. There is no hard limit for characters in an <h2>, however they should be clear and concise for users and long headings might be less helpful","Write concise <h2>s for users, including target keywords where natural for users - without keyword stuffing.",""
"Content: Readability Difficult","Opportunity","Low","2","1.370","Copy on the page is difficult to read and best understood by college graduates according to the Flesch reading-ease score formula. Copy that has long sentences and uses complex words are generally harder to read and understand.","Consider improving the readability of copy for your target audience. Copy that uses shorter sentences with less complex words is often easier to read and understand.",""
"Page Titles: Over 60 Characters","Opportunity","Medium","128","87.670","Pages which have page titles that exceed the configured limit. Characters over this limit might be truncated in Google's search results and carry less weight in scoring.","Write concise page titles to ensure important words are not truncated in the search results, not visible to users and potentially weighted less in scoring.",""
"H1: Over 70 Characters","Opportunity","Low","46","31.510","Pages which have <h1>s over the configured length. There is no hard limit for characters in an <h1>, however they should be clear and concise for users and long headings might be less helpful","Write concise <h1>s for users, including target keywords where natural for users - without keyword stuffing.",""
"Page Titles: Over 561 Pixels","Opportunity","Medium","129","88.360","Pages which have page titles over Google's estimated pixel length limit for titles in search results. Google snippet length is actually based upon pixels limits, rather than a character length. The SEO Spider tries to match the latest pixel truncation points in the SERPs, but it is an approximation and Google adjusts them frequently.","Write concise page titles to ensure important words are not truncated in the search results, not visible to users and potentially weighted less in scoring.",""
"Security: Missing X-Content-Type-Options Header","Warning","Low","59","24.690","URLs that are missing the 'X-Content-Type-Options' response header with a 'nosniff' value. In the absence of a MIME type, browsers may 'sniff' to guess the content type to interpret it correctly for users. However, this can be exploited by attackers who can try and load malicious code, such as JavaScript via an image they have compromised.","To minimise security issues, the X-Content-Type-Options response header should be supplied and set to 'nosniff'. This instructs browsers to rely only on the Content-Type header and block anything that does not match accurately. This also means the content-type set needs to be accurate.",""
"H2: Duplicate","Opportunity","Low","12","8.220","Pages which have duplicate <h2>s. It's important to have distinct, unique and useful pages. If every page has the same <h2>, then it can make it more challenging for users and the search engines to understand one page from another.","Update duplicate <h2>s as necessary, so important pages contain a unique and descriptive <h2> for users and search engines.  If these are duplicate pages, then fix the duplicated pages by linking to a single version, and redirect or use canonicals where appropriate.",""
"URL: Over 115 Characters","Opportunity","Low","32","13.390","URLs that are more than the configured length. This is generally not an issue, however research has shown that users prefer shorter, concise URL strings.","Where possible use logical and concise URLs for users and search engines. However, changing URLs is a big decision, and often it's not worth changing them for SEO purposes alone. If URLs are changed, then appropriate 301 redirects must be implemented.",""
"Response Codes: Internal Redirection (3xx)","Warning","Low","3","1.230","Internal URLs which redirect to another URL. These will include server-side redirects, such as 301 or 302 redirects (and more). View URLs that link to redirects using the lower 'inlinks' tab and export them in bulk via 'Bulk Export > Response Codes > Internal > Redirection (3xx) inlinks'.","Ideally all internal links would be to canonical resolving URLs, and avoid linking to URLs that redirect. This reduces latency of redirect hops for users, and enhanced efficiency for search engines.",""
"Response Codes: Internal Blocked by Robots.txt","Warning","High","3","1.230","Internal URLs blocked by the site's robots.txt. This means they cannot be crawled and is a critical issue if you want the page content to be crawled and indexed by search engines. View URLs that link to URLs blocked by robots.txt using the lower 'inlinks' tab and export them in bulk via 'Bulk Export > Response Codes > Internal > Blocked by Robots.txt inlinks'.","Review URLs to ensure they should be disallowed. If they are incorrectly disallowed, then the site's robots.txt should be updated to allow them to be crawled. Consider whether you should be linking internally to these URLs and remove links where appropriate.",""
"Security: Missing Secure Referrer-Policy Header","Warning","Low","59","24.690","URLs missing 'no-referrer-when-downgrade', 'strict-origin-when-cross-origin', 'no-referrer' or 'strict-origin' policies in the Referrer-Policy header. When using HTTPS, it's important that the URLs do not leak in non-HTTPS requests. This can expose users to 'man in the middle' attacks, as anyone on the network can view them.","Consider setting a referrer policy of strict-origin-when-cross-origin. It retains much of the referrer's usefulness, while mitigating the risk of leaking data cross-origins.",""
"H2: Non-Sequential","Warning","Low","1","0.680","Pages with an <h2> that is not the second heading level after the <h1> on the page. Heading elements should be in a logical sequentially-descending order. The purpose of heading elements is to convey the structure of the page and they should be in logical order from <h1> to <h6>, which helps navigating the page and users that rely on assistive technologies.","Ensure the <h2> is the second heading on the page. Headings should be in a logical sequential order from <h1> to <h6>. Review and update page heading levels so they are descending in order, for example the heading element following an <h1> should be an <h2>, rather than an <h3>.",""
"H1: Multiple","Warning","Medium","6","4.110","Pages which have multiple <h1>s. While this is not strictly an issue because HTML5 standards allow multiple <h1>s on a page, there are some problems with this modern approach in terms of usability. It's advised to use heading rank (h1-h6) to convey document structure. The classic HTML4 standard defines there should only be a single <h1> per page, and this is still generally recommended for users and SEO.","Consider updating the HTML to include a single <h1> on each page, and utilising the full heading rank between (h2 - h6) for additional headings.",""
"Meta Description: Over 985 Pixels","Opportunity","Low","111","76.030","Pages which have meta descriptions over Google's estimated pixel length limit for snippets. Google snippet length is actually based upon pixels limits, rather than a character length. The SEO Spider tries to match the latest pixel truncation points in the SERPs, but it is an approximation and Google adjusts them frequently.","Write concise meta descriptions to ensure important words are not truncated in the search results, and not visible to users.",""
"Images: Missing Size Attributes","Opportunity","Low","24","58.540","Image elements without dimensions (width and height size attributes) specified in the HTML. This can cause large layout shifts as the page loads and be frustrating experience for users. It is one of the major reasons that contributes to a high Cumulative Layout Shift (CLS).","Define all image sizes as their native size using width and height attributes in the HTML. This allows the browser to calculate enough space for each image before it loads, avoiding large layout shifts.",""
"Security: Missing HSTS Header","Warning","Low","59","24.690","URLs that are missing the HSTS response header. The HTTP Strict-Transport-Security response header (HSTS) instructs browsers that it should only be accessed using HTTPS, rather than HTTP. If a website accepts a connection to HTTP, before being redirected to HTTPS, visitors will initially still communicate over HTTP. The HSTS header instructs the browser to never load over HTTP and to automatically convert all requests to HTTPS.","The HSTS header should be used across all pages to instruct the browser that it should always request pages via HTTPS, rather than HTTP.",""
